{"num_records": 1, "data": [{"direction": "cw", "pose": {"seq": 13610, "stamp": 1.6624603797635668e+18, "theta": -1.3422593565437473, "y": -2.3031, "x": 3.5724, "heading": null}, "brake": 1, "dists": [4.744, 4.768, 4.808, 5.648, 5.648, 5.624, 5.576, 5.576, 5.544, 5.504, 5.464, 5.424, 5.384, 5.344, 5.304, 5.264, 5.24, 5.224, 5.224, 5.2, 5.176, 5.152, 5.112, 5.08, 5.04, 5.008, 4.976, 4.944, 4.912, 4.88, 4.856, 4.856, 4.832, 4.816, 4.8, 4.784, 4.768, 4.752, 4.72, 4.688, 4.656, 4.624, 4.624, 4.6, 4.568, 4.536, 4.52, 4.504, 4.488, 4.472, 4.456, 4.448, 4.448, 4.432, 4.416, 4.408, 4.392, 4.368, 4.344, 4.32, 4.288, 4.264, 4.248, 4.248, 4.232, 4.224, 4.208, 4.192, 4.184, 4.176, 4.16, 4.152, 4.144, 4.144, 4.136, 4.12, 4.112, 4.1, 4.088, 4.064, 4.044, 4.032, 4.012, 4.0, 3.988, 3.976, 3.976, 3.964, 3.952, 3.948, 3.94, 3.932, 3.92, 3.916, 3.908, 3.9, 3.9, 3.892, 3.884, 3.88, 3.872, 3.864, 3.852, 3.844, 3.836, 3.824, 3.82, 3.82, 3.808, 3.808, 3.8, 3.784, 3.78, 3.772, 3.764, 3.756, 3.748, 3.748, 3.744, 3.744, 3.736, 3.732, 3.732, 3.732, 3.74, 3.752, 3.748, 3.748, 3.724, 3.7, 3.68, 3.684, 3.72, 0.201, 0.201, 0.201, 0.201, 0.202, 0.202, 0.202, 0.202, 0.201, 0.192, 0.192, 0.192, 3.588, 3.588, 3.604, 3.608, 3.604, 3.608, 3.612, 3.616, 3.608, 3.668, 3.668, 3.668, 3.668, 3.672, 3.672, 3.644, 3.624, 3.624, 3.66, 3.716, 3.716, 3.716, 3.716, 3.724, 3.724, 3.724, 3.724, 3.732, 3.736, 3.744, 3.752, 3.76, 3.768, 3.78, 3.78, 3.792, 3.804, 3.828, 3.86, 3.724, 3.724, 3.724, 3.724, 3.712, 3.712, 3.656, 3.612, 3.612, 3.164, 3.164, 3.164, 3.164, 3.044, 3.044, 3.044, 3.044, 3.044, 3.044, 3.028, 3.016, 3.016, 2.984, 2.984, 2.948, 2.948, 2.932, 2.932, 2.908, 2.856, 2.808, 2.808, 2.808, 2.808, 2.784, 2.784, 2.744, 2.708, 2.708, 2.708, 2.696, 2.696, 2.688, 2.676, 2.676, 2.664, 2.656, 2.636, 2.596, 2.596, 2.568, 2.568, 2.56, 2.556, 2.556, 2.556, 2.548, 2.536, 2.528, 2.508, 2.48, 2.464, 2.464, 2.46, 2.46, 2.46, 5.296, 5.296, 5.296, 5.296, 5.296, 5.296, 5.288, 5.288, 5.08, 5.08, 5.08, 5.08, 5.072, 5.072, 5.072, 5.072, 5.072, 5.072, 5.064, 5.072, 5.088, 5.032, 5.336, 5.336, 5.336, 5.336, 5.312, 5.288, 2.912, 2.912, 2.912, 2.912, 2.856, 2.856, 2.804, 2.768, 2.768, 2.672, 2.672, 2.544, 2.544, 2.544, 2.508, 2.48, 2.452, 2.408, 2.376, 2.348, 2.312, 2.288, 2.288, 2.26, 2.14, 2.14, 2.136, 2.144, 2.144, 2.12, 2.076, 2.076, 2.096, 2.096, 2.104, 2.112, 2.108, 2.108, 2.108, 2.108, 2.108, 2.108, 2.1, 2.1, 2.1, 2.1, 2.1, 2.096, 2.096, 2.096, 2.096, 2.096, 2.092, 2.092, 2.092, 2.088, 2.088, 2.092, 2.096, 2.092, 2.092, 2.092, 2.092, 2.092, 2.092, 2.096, 2.092, 2.096, 2.1, 2.096, 2.1, 2.108, 2.112, 2.112, 2.116, 2.112, 2.112, 2.112, 2.112, 2.116, 2.112, 2.116, 2.116, 2.116, 2.116, 2.116, 2.116, 2.116, 2.116, 2.124, 2.14, 2.14, 0.232, 0.232, 0.232, 0.232, 0.221, 0.221, 0.221, 0.221, 0.22, 0.219, 0.218, 0.227, 0.227, 0.227, 0.228, 0.228, 0.227, 0.229, 2.352, 2.352, 2.352, 2.352, 2.356, 2.364, 2.364, 2.368, 2.376, 2.376, 2.38, 2.384, 2.396, 2.416, 2.432, 2.44, 2.44, 2.444, 2.448, 2.46, 2.468, 2.472, 2.476, 2.484, 2.484, 2.512, 2.54, 2.54, 2.544, 2.552, 2.584, 2.632, 2.632, 2.632, 2.632, 2.668, 2.668, 2.668, 2.72, 2.72, 2.72, 2.76, 2.76, 2.76, 2.76, 2.78, 2.804, 2.804, 2.82, 2.816, 2.816, 2.816, 2.8, 2.796, 2.776, 2.752, 2.728, 2.704, 2.676, 2.644, 2.616, 2.592, 2.592, 2.564, 2.54, 2.516, 2.492, 2.468, 2.448, 2.428, 2.408, 2.392, 2.372, 2.352, 2.352, 2.328, 2.304, 2.288, 2.272, 2.252, 2.232, 2.212, 2.2, 2.184, 2.164, 2.148, 2.148, 2.136, 2.124, 2.112, 2.096, 2.076, 2.064, 2.052, 2.036, 2.018, 2.004, 1.992, 1.992, 1.978, 1.966, 1.956, 1.948, 1.936, 1.922, 1.912, 1.9, 1.886, 1.878, 1.866, 1.866, 1.852, 1.842, 1.834, 1.82, 1.808, 1.804, 1.798, 1.786, 1.778, 1.778, 1.766, 1.758, 1.75, 1.744, 1.734, 1.722, 1.712, 1.706, 1.7, 1.692, 1.684, 1.684, 1.674, 1.67, 1.664, 1.656, 1.65, 1.642, 1.636, 1.628, 1.622, 1.616, 1.61, 1.602, 1.602, 1.596, 1.59, 1.584, 1.58, 1.574, 1.568, 1.562, 1.556, 1.556, 1.556, 1.55, 1.55, 1.554, 1.554, 1.534, 1.492, 1.478, 1.486, 1.498, 1.506, 1.498, 1.498, 1.492, 1.488, 1.484, 1.482, 0.188, 1.476, 1.472, 0.187, 1.464, 1.464, 1.464, 1.458, 1.452, 1.45, 1.446, 1.444, 1.44, 1.442, 1.45, 1.464, 1.464, 0.229, 0.229, 0.229, 0.229, 0.229, 0.229, 0.229, 0.218, 0.218, 0.218, 0.218, 0.218, 0.217, 0.217, 0.22, 1.396, 1.388, 1.368, 0.22, 0.22, 0.224, 0.224, 0.24, 0.24, 0.24, 1.352, 1.352, 1.352, 1.352, 1.35, 1.35, 1.35, 1.348, 1.348, 1.348, 1.348, 1.35, 1.35, 1.348, 1.348, 1.348, 1.352, 1.35, 1.35, 1.35, 1.352, 1.352, 1.352, 1.352, 1.354, 1.356, 1.356, 1.356, 1.356, 1.356, 1.356, 1.356, 1.358, 1.358, 1.358, 1.358, 1.362, 1.364, 1.364, 1.364, 1.364, 1.35, 1.318, 1.3, 1.3, 1.302, 1.298, 1.294, 1.292, 1.29, 1.368, 1.368, 1.368, 1.384, 1.386, 1.386, 1.388, 1.39, 1.392, 1.392, 1.394, 1.398, 1.4, 1.402, 1.402, 1.406, 1.408, 1.412, 1.414, 1.414, 1.418, 1.42, 1.42, 1.424, 1.43, 1.432, 1.436, 1.438, 1.442, 1.448, 1.448, 1.45, 1.448, 1.452, 1.456, 1.458, 1.466, 1.472, 1.472, 1.474, 1.478, 1.482, 1.484, 1.488, 1.482, 1.514, 1.514, 1.518, 1.518, 1.518, 1.518, 1.522, 1.524, 1.534, 1.544, 1.544, 1.55, 1.556, 1.556, 1.558, 1.564, 1.57, 1.578, 1.588, 1.592, 1.594, 1.598, 1.592, 1.592, 1.6, 1.62, 1.626, 1.634, 1.644, 1.654, 1.658, 1.658, 1.66, 1.666, 1.676, 1.682, 1.688, 1.696, 1.704, 1.71, 1.718, 1.728, 1.728, 1.738, 1.748, 1.754, 1.762, 1.778, 1.788, 1.794, 1.804, 1.804, 1.812, 1.818, 1.832, 1.846, 1.854, 1.864, 1.876, 1.888, 1.898, 1.898, 1.908, 1.92, 1.936, 1.948, 1.96, 1.972, 1.986, 1.986, 1.996, 2.006, 2.02, 2.038, 2.052, 2.064, 2.08, 2.1, 2.1, 2.116, 2.128, 2.14, 2.16, 2.18, 2.192, 2.2, 2.216, 2.236, 2.236, 2.264, 2.284, 2.296, 2.316, 2.336, 2.356, 2.376, 2.4, 2.4, 0.864, 0.864, 0.858, 0.858, 0.858, 0.854, 0.85, 0.846, 0.844, 0.842, 0.842, 0.84, 0.836, 0.834, 0.832, 0.83, 0.828, 0.826, 0.824, 0.822, 0.822, 0.82, 0.818, 0.816, 0.814, 0.812, 0.81, 0.806, 0.806, 0.804, 0.802, 0.8, 0.8, 0.8, 0.796, 0.794, 0.794, 0.792, 0.79, 0.79, 0.788, 0.786, 0.784, 0.782, 0.782, 0.782, 0.78, 0.778, 0.776, 0.776, 0.774, 0.774, 0.772, 0.772, 0.772, 0.774, 0.79, 0.195, 0.195, 0.195, 0.195, 0.197, 0.197, 0.197, 0.197, 0.199, 0.2, 0.2, 0.2, 0.2, 0.2, 0.19, 0.19, 0.19, 0.19, 0.19, 0.19, 0.19, 0.189, 0.188, 0.19, 0.194, 0.194, 0.197, 0.197, 0.197, 0.197, 0.197, 0.194, 0.191, 0.191, 0.189, 0.189, 0.189, 0.189, 0.189, 0.19, 0.19, 7.432, 7.432, 7.432, 7.432, 7.432, 7.144, 7.144, 7.144, 7.432, 7.432, 7.488, 7.496, 7.504, 7.528, 7.528, 7.528, 7.528, 7.544, 7.536, 7.544, 7.56, 7.576, 7.6, 7.616, 7.632, 7.688, 7.688, 7.712, 7.728, 7.752, 7.776, 7.816, 7.848, 7.872, 7.896, 7.92, 7.936, 7.936, 7.952, 7.968, 7.984, 8.024, 8.016, 8.0, 8.008, 8.056, 8.016, 7.928, 7.928, 7.888, 7.784, 7.656, 7.536, 7.432, 7.368, 7.344, 7.328, 7.296, 7.224, 7.224, 7.152, 7.064, 6.96, 6.864, 6.768, 6.696, 6.648, 6.616, 6.576, 6.576, 6.528, 6.48, 6.448, 4.696, 4.672, 4.672, 4.648, 4.616, 4.6, 4.6, 4.64, 4.68, 4.704, 4.704],