{"num_records": 1, "data": [{"direction": "cw", "pose": {"seq": 7958, "stamp": 1.662464296957133e+18, "theta": -1.2851170485977135, "y": 1.4615, "x": 0.8427, "heading": null}, "brake": 1, "dists": [1.784, 1.786, 1.79, 1.79, 1.792, 1.794, 1.796, 1.798, 1.8, 1.802, 1.804, 1.81, 1.812, 1.814, 1.814, 1.814, 1.818, 1.822, 1.824, 1.828, 1.832, 1.834, 1.838, 1.84, 1.844, 1.846, 1.846, 1.852, 1.858, 1.862, 1.866, 1.868, 1.872, 1.876, 1.882, 1.884, 1.89, 1.894, 1.894, 1.896, 1.902, 1.908, 1.916, 1.922, 1.926, 1.928, 1.934, 1.934, 1.938, 1.942, 1.948, 1.954, 1.962, 1.968, 1.976, 1.982, 1.99, 1.996, 2.0, 2.004, 2.004, 2.01, 2.018, 2.024, 2.034, 2.04, 2.408, 2.408, 2.412, 2.412, 2.42, 2.428, 2.436, 2.448, 2.456, 2.468, 2.48, 2.488, 2.488, 2.5, 2.508, 2.516, 2.528, 2.54, 2.548, 2.56, 2.572, 2.584, 2.596, 2.596, 2.608, 2.624, 2.644, 2.652, 2.66, 2.672, 2.684, 2.696, 2.712, 2.732, 2.748, 2.748, 2.764, 2.78, 2.792, 2.8, 2.812, 2.832, 2.852, 2.876, 2.892, 2.892, 2.908, 2.924, 2.94, 2.96, 2.976, 2.996, 3.02, 3.04, 3.052, 3.068, 3.104, 3.104, 3.136, 3.168, 3.192, 3.208, 3.228, 3.244, 3.252, 3.292, 3.292, 0.202, 0.202, 0.202, 0.202, 0.202, 0.202, 0.202, 0.202, 0.193, 0.193, 3.952, 0.191, 3.98, 3.992, 0.192, 0.196, 0.196, 4.104, 3.672, 3.672, 3.672, 3.672, 3.66, 3.644, 3.632, 3.632, 3.628, 3.616, 3.66, 3.66, 3.66, 3.66, 3.76, 3.76, 3.76, 3.848, 3.848, 3.848, 3.324, 3.324, 3.324, 3.324, 3.32, 3.308, 3.3, 3.3, 3.312, 3.324, 5.776, 5.776, 5.776, 5.776, 5.776, 5.776, 5.776, 5.768, 5.768, 5.752, 5.744, 5.728, 5.72, 5.72, 5.712, 5.72, 5.752, 5.784, 5.664, 5.664, 5.72, 5.72, 5.72, 5.712, 5.712, 5.712, 5.712, 5.704, 5.704, 5.704, 5.704, 5.704, 5.712, 5.712, 5.712, 5.696, 5.696, 5.704, 5.696, 5.696, 5.704, 5.704, 5.696, 5.704, 5.72, 5.712, 5.712, 5.704, 5.704, 5.712, 5.704, 5.696, 5.704, 5.712, 5.056, 5.056, 5.0, 5.0, 5.0, 4.92, 4.816, 4.776, 4.784, 4.792, 4.792, 4.808, 4.752, 4.688, 4.68, 4.68, 4.68, 4.672, 4.672, 4.664, 4.672, 4.664, 4.624, 4.608, 4.608, 5.776, 5.776, 4.6, 4.6, 4.6, 4.6, 4.64, 4.64, 4.648, 4.616, 4.616, 4.536, 4.44, 4.36, 4.304, 4.264, 4.192, 4.112, 4.044, 4.0, 4.0, 4.008, 3.632, 3.632, 3.632, 3.62, 3.608, 3.596, 3.6, 3.604, 3.62, 3.632, 4.032, 4.032, 3.98, 3.98, 3.94, 3.928, 3.932, 3.94, 3.956, 3.968, 3.984, 4.0, 4.016, 4.036, 4.056, 4.056, 4.076, 4.092, 4.104, 4.112, 4.12, 4.136, 4.144, 4.168, 4.168, 4.184, 4.2, 4.208, 4.224, 4.24, 4.264, 4.288, 4.32, 4.336, 4.36, 4.392, 4.392, 4.416, 4.432, 4.448, 4.464, 4.48, 4.496, 4.52, 4.544, 4.552, 4.584, 4.584, 4.616, 4.648, 4.672, 4.696, 4.712, 4.736, 4.768, 4.8, 4.832, 4.872, 4.912, 4.912, 4.936, 4.96, 4.984, 5.0, 5.024, 5.048, 5.064, 5.096, 5.096, 5.136, 5.192, 5.248, 5.304, 5.344, 5.36, 5.336, 5.28, 5.224, 5.16, 5.128, 5.128, 5.104, 5.088, 4.632, 4.632, 4.632, 4.632, 4.624, 4.624, 0.231, 0.231, 0.231, 0.231, 0.22, 0.22, 0.22, 0.219, 0.219, 0.219, 0.219, 0.218, 0.218, 0.229, 0.229, 0.229, 0.229, 0.227, 5.224, 5.224, 5.224, 5.224, 5.216, 5.216, 5.216, 5.208, 5.208, 5.2, 5.184, 5.184, 5.176, 5.168, 5.168, 5.176, 5.16, 5.152, 5.152, 5.144, 5.144, 5.136, 5.136, 5.128, 5.12, 5.112, 5.112, 5.104, 5.104, 5.104, 5.096, 5.096, 5.096, 5.096, 5.088, 5.08, 5.08, 5.08, 5.072, 5.064, 5.072, 5.072, 5.072, 5.072, 5.072, 5.064, 5.064, 5.072, 5.08, 5.08, 5.072, 5.072, 5.072, 5.072, 5.072, 5.072, 5.064, 5.064, 5.072, 5.072, 5.072, 5.072, 5.072, 5.08, 5.08, 5.08, 5.08, 5.08, 5.088, 5.088, 5.088, 5.088, 5.096, 5.104, 5.112, 5.12, 5.12, 5.12, 5.12, 5.12, 5.128, 5.12, 5.16, 5.16, 5.16, 5.16, 5.168, 5.168, 5.176, 5.176, 5.184, 5.184, 5.192, 5.2, 5.2, 5.28, 5.28, 5.28, 5.28, 5.28, 5.288, 5.296, 5.304, 5.312, 5.328, 5.336, 5.344, 5.368, 5.368, 5.368, 5.368, 5.368, 5.376, 5.392, 5.384, 5.456, 5.456, 5.456, 5.464, 5.48, 5.48, 5.488, 2.468, 2.468, 2.448, 2.448, 2.448, 2.42, 2.388, 2.372, 2.36, 2.36, 2.352, 2.344, 2.332, 2.32, 2.308, 2.296, 2.292, 2.288, 2.288, 2.288, 2.284, 2.284, 2.284, 2.288, 2.288, 2.28, 2.28, 2.288, 2.292, 2.296, 2.3, 2.304, 2.304, 2.312, 2.32, 2.324, 2.332, 2.344, 2.356, 2.368, 2.404, 2.44, 2.44, 3.708, 3.708, 3.708, 3.708, 3.688, 3.672, 3.644, 3.608, 3.572, 3.54, 0.189, 3.492, 3.48, 0.188, 3.448, 3.42, 3.42, 3.388, 3.36, 3.336, 3.316, 3.3, 3.3, 3.308, 0.229, 0.229, 0.229, 0.229, 0.228, 0.228, 0.218, 0.218, 0.218, 0.218, 2.344, 2.344, 0.215, 2.36, 2.36, 2.324, 0.225, 2.292, 0.219, 0.219, 0.224, 0.224, 2.412, 2.412, 2.412, 2.412, 2.436, 2.436, 2.436, 2.436, 2.468, 2.5, 2.524, 2.556, 2.564, 2.548, 2.54, 2.54, 2.536, 2.376, 2.36, 2.36, 2.348, 2.34, 2.336, 2.332, 2.328, 2.324, 2.32, 2.312, 2.312, 2.312, 2.308, 2.304, 2.3, 2.296, 2.12, 2.12, 2.12, 2.112, 2.112, 2.108, 2.108, 2.1, 2.1, 2.088, 2.084, 2.1, 2.116, 2.384, 2.384, 2.384, 2.38, 2.38, 2.38, 2.38, 2.372, 2.368, 2.364, 2.36, 2.356, 2.352, 2.352, 2.348, 2.344, 2.344, 2.344, 2.344, 2.34, 2.336, 2.336, 2.332, 2.332, 2.332, 2.332, 2.328, 2.328, 2.328, 2.328, 2.328, 2.328, 2.324, 2.324, 2.324, 2.328, 2.324, 2.32, 2.32, 2.32, 2.32, 2.32, 2.324, 2.32, 2.32, 2.32, 2.32, 2.324, 2.32, 2.32, 2.316, 2.316, 2.32, 2.324, 2.324, 2.324, 2.324, 2.324, 2.324, 2.328, 2.328, 2.328, 2.328, 2.328, 2.328, 2.328, 2.332, 2.332, 2.332, 2.336, 2.336, 2.336, 2.34, 2.34, 2.34, 2.344, 2.344, 2.348, 2.352, 2.352, 2.356, 2.364, 2.364, 2.368, 2.372, 2.372, 2.372, 2.376, 2.384, 2.384, 2.388, 2.396, 2.4, 2.404, 2.408, 2.408, 2.412, 2.412, 2.412, 2.424, 2.42, 2.376, 2.328, 2.28, 2.244, 2.208, 2.176, 2.144, 2.112, 2.078, 2.04, 2.008, 1.978, 1.978, 1.948, 1.916, 1.89, 1.862, 1.84, 1.816, 1.79, 1.766, 1.742, 1.718, 1.696, 1.674, 1.654, 1.634, 1.612, 1.598, 1.598, 1.598, 1.602, 1.606, 1.61, 1.614, 1.62, 1.626, 1.63, 1.638, 1.648, 1.648, 1.652, 1.656, 1.658, 1.664, 1.67, 1.676, 1.688, 1.696, 1.7, 1.7, 1.704, 1.712, 1.72, 1.728, 1.734, 1.74, 1.746, 1.756, 1.762, 1.762, 1.77, 1.778, 1.788, 1.794, 1.802, 1.81, 1.814, 1.826, 1.836, 4.28, 4.28, 4.28, 4.28, 4.312, 4.352, 4.392, 4.424, 4.424, 4.432, 4.448, 4.456, 4.472, 4.488, 4.512, 4.536, 4.576, 4.616, 4.656, 4.656, 4.696, 4.728, 4.768, 4.8, 4.824, 4.808, 7.648, 7.648, 7.592, 7.592, 7.544, 7.512, 7.48, 0.196, 0.196, 0.196, 0.196, 0.196, 0.196, 0.198, 0.2, 0.2, 0.2, 0.2, 0.2, 0.2, 0.191, 0.191, 0.191, 0.191, 0.19, 0.19, 0.19, 0.189, 0.189, 0.198, 0.198, 0.197, 0.197, 0.196, 0.195, 0.195, 0.195, 0.192, 0.192, 0.192, 0.19, 0.189, 0.19, 0.19, 0.184, 4.272, 4.272, 4.272, 4.272, 4.264, 4.264, 4.264, 4.264, 4.256, 4.208, 4.12, 4.064, 4.0, 3.96, 3.968, 3.976, 3.976, 4.012, 4.368, 4.368, 4.344, 4.344, 4.328, 4.32, 4.32, 4.312, 4.312, 4.304, 4.296, 4.288, 4.28, 4.272, 4.264, 4.256, 4.248, 4.248, 4.256, 4.248, 4.248, 4.304, 4.368, 4.368, 4.376, 4.384, 4.392, 4.44, 4.488, 4.544, 4.752, 4.752, 4.752, 4.752, 4.752, 4.752, 4.752, 4.752, 2.006, 2.006, 1.974, 1.974, 1.758, 1.758, 1.758, 1.758, 1.76, 1.758, 1.758, 1.758, 1.758, 1.758, 1.76, 1.762, 1.764, 1.764, 1.764, 1.764, 1.766, 1.768, 1.768, 1.77, 1.774, 1.776, 1.774, 1.778, 1.78, 1.782],